Id,Question,Answer
1,如何下單?,請在網站上選擇商品並加入購物車，然後前往結帳頁面完成付款。
2,接受哪些付款方式?,我們接受信用卡、PayPal和銀行轉帳。
3,如何追蹤我的訂單?,您可以在會員中心查看訂單狀態。
4,退貨政策是什麼?,請在收到商品後7天內聯繫我們進行退貨。
5,如何取消訂單?,請在下單後立即聯繫我們進行取消。
6,下單後可以更改送貨地址嗎?,請在下單後立即聯繫我們進行修改。
7,如果收到損壞的商品該怎麼辦?,請聯繫我們進行換貨或退款。
8,如何聯繫客服?,您可以通過電話或郵件聯繫我們。
9,有任何折扣嗎?,請關注我們的社交媒體以獲得最新優惠。
10,如何使用優惠券?,請在結帳頁面輸入優惠券代碼。
11,預計送貨時間是多少?,通常3-5個工作日內送達。
12,可以安排送貨時間嗎?,請聯繫我們進行安排。
13,運費是多少?,根據地區不同，運費會有所不同。
14,如何創建帳戶?,請在網站上點擊註冊按鈕。
15,可以不創建帳戶就下單嗎?,是的，您可以選擇客戶下單。
16,如何重置密碼?,請在登入頁面點擊忘記密碼。
17,保修政策是什麼?,請參考我們的保修條款。
18,如何評價商品?,請在會員中心評價已購買的商品。
19,可以換貨嗎?,請聯繫我們進行換貨。
20,條款和條件是什麼?,請參考我們的網站條款。
21,如何訂閱新聞通訊?,請在網站上輸入您的郵箱地址。
22,忠誠度計劃是什麼?,請參考我們的忠誠度計劃詳情。
23,如何兌換忠誠度積分?,請在會員中心兌換積分。
24,可以包裝我的訂單嗎?,是的，我們提供禮盒服務。
25,退款流程是什麼?,請參考我們的退款政策。
26,如何報告缺失物品?,請聯繫我們進行補發。
27,國際運送的政策是什麼?,請參考我們的國際運送詳情。
28,如何更新我的個人資料?,請在會員中心更新您的個人資料。
29,商店營業時間是什麼?,請參考我們的商店營業時間表。
30,如何退貨？,請在購買後7天內申請退貨，並提供購買憑證。